Chain Name,Residue Type,Residue Idxx,Atom Name,salt_bridge_anion,salt_bridge_cation,hydrogen_bond_donor,hydrogen_bond_acceptor,hydrophobic_interaction,pi_stacking,metal,halogen bonds
B,HIS,332,N,0.0,0.0,0.0,0.0,0.0,0.0,0.0,0.0
B,HIS,332,CA,0.0,0.0,0.0,0.0,0.0,0.0,0.0,0.0
B,HIS,332,C,0.0,0.0,0.0,0.0,0.0,0.0,0.0,0.0
B,HIS,332,O,0.0,0.0,0.0,0.0,0.0,0.0,0.0,0.0
B,HIS,332,CB,0.0,0.0,0.0,0.0,0.0,0.0,0.0,0.0
B,HIS,332,CG,0.0,0.0,0.0,0.0,0.0,0.0,0.0,0.0
B,HIS,332,ND1,0.0,1.0,0.0,0.0,0.0,0.0,0.0,0.0
B,HIS,332,CD2,0.0,0.0,0.0,0.0,0.0,0.0,0.0,0.0
B,HIS,332,CE1,0.0,0.0,0.0,0.0,0.0,0.0,0.0,0.0
B,HIS,332,NE2,0.0,1.0,0.0,0.0,0.0,0.0,0.0,0.0
B,ASN,333,N,0.0,0.0,0.0,0.0,0.0,0.0,0.0,0.0
B,ASN,333,CA,0.0,0.0,0.0,0.0,0.0,0.0,0.0,0.0
B,ASN,333,C,0.0,0.0,0.0,0.0,0.0,0.0,0.0,0.0
B,ASN,333,O,0.0,0.0,0.0,0.0,0.0,0.0,0.0,0.0
B,ASN,333,CB,0.0,0.0,0.0,0.0,0.0,0.0,0.0,0.0
B,ASN,333,CG,0.0,0.0,0.0,0.0,0.0,0.0,0.0,0.0
B,ASN,333,OD1,0.0,0.0,0.0,0.0,0.0,0.0,0.0,0.0
B,ASN,333,ND2,0.0,0.0,1.0,0.0,0.0,0.0,0.0,0.0
B,GLN,340,N,0.0,0.0,0.0,0.0,0.0,0.0,0.0,0.0
B,GLN,340,CA,0.0,0.0,0.0,0.0,0.0,0.0,0.0,0.0
B,GLN,340,C,0.0,0.0,0.0,0.0,0.0,0.0,0.0,0.0
B,GLN,340,O,0.0,0.0,0.0,0.0,0.0,0.0,0.0,0.0
B,GLN,340,CB,0.0,0.0,0.0,0.0,0.0,0.0,0.0,0.0
B,GLN,340,CG,0.0,0.0,0.0,0.0,0.0,0.0,0.0,0.0
B,GLN,340,CD,0.0,0.0,0.0,0.0,0.0,0.0,0.0,0.0
B,GLN,340,OE1,0.0,0.0,0.0,0.0,0.0,0.0,0.0,0.0
B,GLN,340,NE2,0.0,0.0,0.0,0.0,0.0,0.0,0.0,0.0
B,GLU,362,N,0.0,0.0,0.0,0.0,0.0,0.0,0.0,0.0
B,GLU,362,CA,0.0,0.0,0.0,0.0,0.0,0.0,0.0,0.0
B,GLU,362,C,0.0,0.0,0.0,0.0,0.0,0.0,0.0,0.0
B,GLU,362,O,0.0,0.0,0.0,0.0,0.0,0.0,0.0,0.0
B,GLU,362,CB,0.0,0.0,0.0,0.0,0.0,0.0,0.0,0.0
B,GLU,362,CG,0.0,0.0,0.0,0.0,0.0,0.0,0.0,0.0
B,GLU,362,CD,0.0,0.0,0.0,0.0,0.0,0.0,0.0,0.0
B,GLU,362,OE1,0.0,0.0,0.0,0.0,0.0,0.0,0.0,0.0
B,GLU,362,OE2,0.0,0.0,1.0,0.0,0.0,0.0,0.0,0.0
B,ASP,364,N,0.0,0.0,0.0,0.0,0.0,0.0,0.0,0.0
B,ASP,364,CA,0.0,0.0,0.0,0.0,0.0,0.0,0.0,0.0
B,ASP,364,C,0.0,0.0,0.0,0.0,0.0,0.0,0.0,0.0
B,ASP,364,O,0.0,0.0,0.0,0.0,0.0,0.0,0.0,0.0
B,ASP,364,CB,0.0,0.0,0.0,0.0,0.0,0.0,0.0,0.0
B,ASP,364,CG,0.0,0.0,0.0,0.0,0.0,0.0,0.0,0.0
B,ASP,364,OD1,0.0,0.0,0.0,0.0,0.0,0.0,0.0,0.0
B,ASP,364,OD2,0.0,0.0,0.0,1.0,0.0,0.0,0.0,0.0
B,HIS,379,N,0.0,0.0,0.0,0.0,0.0,0.0,0.0,0.0
B,HIS,379,CA,0.0,0.0,0.0,0.0,0.0,0.0,0.0,0.0
B,HIS,379,C,0.0,0.0,0.0,0.0,0.0,0.0,0.0,0.0
B,HIS,379,O,0.0,0.0,0.0,0.0,0.0,0.0,0.0,0.0
B,HIS,379,CB,0.0,0.0,0.0,0.0,0.0,0.0,0.0,0.0
B,HIS,379,CG,0.0,0.0,0.0,0.0,0.0,0.0,0.0,0.0
B,HIS,379,ND1,0.0,1.0,0.0,0.0,0.0,0.0,0.0,0.0
B,HIS,379,CD2,0.0,0.0,0.0,0.0,0.0,0.0,0.0,0.0
B,HIS,379,CE1,0.0,0.0,0.0,0.0,0.0,0.0,0.0,0.0
B,HIS,379,NE2,0.0,1.0,0.0,0.0,0.0,0.0,0.0,0.0
B,GLY,380,N,0.0,0.0,0.0,0.0,0.0,0.0,0.0,0.0
B,GLY,380,CA,0.0,0.0,0.0,0.0,0.0,0.0,0.0,0.0
B,GLY,380,C,0.0,0.0,0.0,0.0,0.0,0.0,0.0,0.0
B,GLY,380,O,0.0,0.0,0.0,0.0,0.0,0.0,0.0,0.0
B,GLU,413,N,0.0,0.0,0.0,0.0,0.0,0.0,0.0,0.0
B,GLU,413,CA,0.0,0.0,0.0,0.0,0.0,0.0,0.0,0.0
B,GLU,413,C,0.0,0.0,0.0,0.0,0.0,0.0,0.0,0.0
B,GLU,413,O,0.0,0.0,0.0,0.0,0.0,0.0,0.0,0.0
B,GLU,413,CB,0.0,0.0,0.0,0.0,0.0,0.0,0.0,0.0
B,GLU,413,CG,0.0,0.0,0.0,0.0,0.0,0.0,0.0,0.0
B,GLU,413,CD,0.0,0.0,0.0,0.0,0.0,0.0,0.0,0.0
B,GLU,413,OE1,0.0,0.0,0.0,0.0,0.0,0.0,0.0,0.0
B,GLU,413,OE2,0.0,0.0,0.0,0.0,0.0,0.0,0.0,0.0
B,SER,619,N,0.0,0.0,0.0,0.0,0.0,0.0,0.0,0.0
B,SER,619,CA,0.0,0.0,0.0,0.0,0.0,0.0,0.0,0.0
B,SER,619,C,0.0,0.0,0.0,0.0,0.0,0.0,0.0,0.0
B,SER,619,O,0.0,0.0,0.0,0.0,0.0,0.0,0.0,0.0
B,SER,619,CB,0.0,0.0,0.0,0.0,0.0,0.0,0.0,0.0
B,SER,619,OG,0.0,0.0,1.0,1.0,0.0,0.0,0.0,0.0
B,VAL,621,N,0.0,0.0,0.0,0.0,0.0,0.0,0.0,0.0
B,VAL,621,CA,0.0,0.0,0.0,0.0,0.0,0.0,0.0,0.0
B,VAL,621,C,0.0,0.0,0.0,0.0,0.0,0.0,0.0,0.0
B,VAL,621,O,0.0,0.0,0.0,0.0,0.0,0.0,0.0,0.0
B,VAL,621,CB,0.0,0.0,0.0,0.0,0.0,0.0,0.0,0.0
B,VAL,621,CG1,0.0,0.0,0.0,0.0,0.0,0.0,0.0,0.0
B,VAL,621,CG2,0.0,0.0,0.0,0.0,0.0,0.0,0.0,0.0
B,ARG,646,N,0.0,0.0,0.0,0.0,0.0,0.0,0.0,0.0
B,ARG,646,CA,0.0,0.0,0.0,0.0,0.0,0.0,0.0,0.0
B,ARG,646,C,0.0,0.0,0.0,0.0,0.0,0.0,0.0,0.0
B,ARG,646,O,0.0,0.0,0.0,0.0,0.0,0.0,0.0,0.0
B,ARG,646,CB,0.0,0.0,0.0,0.0,0.0,0.0,0.0,0.0
B,ARG,646,CG,0.0,0.0,0.0,0.0,0.0,0.0,0.0,0.0
B,ARG,646,CD,0.0,0.0,0.0,0.0,0.0,0.0,0.0,0.0
B,ARG,646,NE,0.0,0.0,0.0,0.0,0.0,0.0,0.0,0.0
B,ARG,646,CZ,0.0,0.0,0.0,0.0,0.0,0.0,0.0,0.0
B,ARG,646,NH1,0.0,0.0,1.0,0.0,0.0,0.0,0.0,0.0
B,ARG,646,NH2,0.0,0.0,0.0,0.0,0.0,0.0,0.0,0.0
B,TYR,648,N,0.0,0.0,0.0,0.0,0.0,0.0,0.0,0.0
B,TYR,648,CA,0.0,0.0,0.0,0.0,0.0,0.0,0.0,0.0
B,TYR,648,C,0.0,0.0,0.0,0.0,0.0,0.0,0.0,0.0
B,TYR,648,O,0.0,0.0,0.0,0.0,0.0,0.0,0.0,0.0
B,TYR,648,CB,0.0,0.0,0.0,0.0,0.0,0.0,0.0,0.0
B,TYR,648,CG,0.0,0.0,0.0,0.0,0.0,0.0,0.0,0.0
B,TYR,648,CD1,0.0,0.0,0.0,0.0,0.0,0.0,0.0,0.0
B,TYR,648,CD2,0.0,0.0,0.0,0.0,0.0,0.0,0.0,0.0
B,TYR,648,CE1,0.0,0.0,0.0,0.0,0.0,0.0,0.0,0.0
B,TYR,648,CE2,0.0,0.0,0.0,0.0,0.0,0.0,0.0,0.0
B,TYR,648,CZ,0.0,0.0,0.0,0.0,0.0,0.0,0.0,0.0
B,TYR,648,OH,0.0,0.0,0.0,0.0,0.0,0.0,0.0,0.0
B,PRO,649,N,0.0,0.0,0.0,0.0,0.0,0.0,0.0,0.0
B,PRO,649,CA,0.0,0.0,0.0,0.0,0.0,0.0,0.0,0.0
B,PRO,649,C,0.0,0.0,0.0,0.0,0.0,0.0,0.0,0.0
B,PRO,649,O,0.0,0.0,0.0,0.0,0.0,0.0,0.0,0.0
B,PRO,649,CB,0.0,0.0,0.0,0.0,0.0,0.0,0.0,0.0
B,PRO,649,CG,0.0,0.0,0.0,0.0,0.0,0.0,0.0,0.0
B,PRO,649,CD,0.0,0.0,0.0,0.0,0.0,0.0,0.0,0.0
B,GLY,651,N,0.0,0.0,0.0,0.0,0.0,0.0,0.0,0.0
B,GLY,651,CA,0.0,0.0,0.0,0.0,0.0,0.0,0.0,0.0
B,GLY,651,C,0.0,0.0,0.0,0.0,0.0,0.0,0.0,0.0
B,GLY,651,O,0.0,0.0,0.0,0.0,0.0,0.0,0.0,0.0
B,HET,901,CA,0.0,0.0,0.0,0.0,0.0,0.0,1.0,0.0
B,SER,411,N,0.0,0.0,0.0,0.0,0.0,0.0,0.0,0.0
B,SER,411,CA,0.0,0.0,0.0,0.0,0.0,0.0,0.0,0.0
B,SER,411,C,0.0,0.0,0.0,0.0,0.0,0.0,0.0,0.0
B,SER,411,O,0.0,0.0,0.0,0.0,0.0,0.0,0.0,0.0
B,SER,411,CB,0.0,0.0,0.0,0.0,0.0,0.0,0.0,0.0
B,SER,411,OG,0.0,0.0,0.0,0.0,0.0,0.0,0.0,0.0
B,ALA,673,N,0.0,0.0,0.0,0.0,0.0,0.0,0.0,0.0
B,ALA,673,CA,0.0,0.0,0.0,0.0,0.0,0.0,0.0,0.0
B,ALA,673,C,0.0,0.0,0.0,0.0,0.0,0.0,0.0,0.0
B,ALA,673,O,0.0,0.0,0.0,0.0,0.0,0.0,0.0,0.0
B,ALA,673,CB,0.0,0.0,0.0,0.0,0.0,0.0,0.0,0.0
B,LYS,466,N,0.0,0.0,0.0,0.0,0.0,0.0,0.0,0.0
B,LYS,466,CA,0.0,0.0,0.0,0.0,0.0,0.0,0.0,0.0
B,LYS,466,C,0.0,0.0,0.0,0.0,0.0,0.0,0.0,0.0
B,LYS,466,O,0.0,0.0,0.0,0.0,0.0,0.0,0.0,0.0
B,LYS,466,CB,0.0,0.0,0.0,0.0,0.0,0.0,0.0,0.0
B,LYS,466,CG,0.0,0.0,0.0,0.0,0.0,0.0,0.0,0.0
B,LYS,466,CD,0.0,0.0,0.0,0.0,0.0,0.0,0.0,0.0
B,LYS,466,CE,0.0,0.0,0.0,0.0,0.0,0.0,0.0,0.0
B,LYS,466,NZ,0.0,1.0,0.0,0.0,0.0,0.0,0.0,0.0
B,PHE,620,N,0.0,0.0,0.0,0.0,0.0,0.0,0.0,0.0
B,PHE,620,CA,0.0,0.0,0.0,0.0,0.0,0.0,0.0,0.0
B,PHE,620,C,0.0,0.0,0.0,0.0,0.0,0.0,0.0,0.0
B,PHE,620,O,0.0,0.0,0.0,0.0,0.0,0.0,0.0,0.0
B,PHE,620,CB,0.0,0.0,0.0,0.0,0.0,0.0,0.0,0.0
B,PHE,620,CG,0.0,0.0,0.0,0.0,0.0,0.0,0.0,0.0
B,PHE,620,CD1,0.0,0.0,0.0,0.0,0.0,0.0,0.0,0.0
B,PHE,620,CD2,0.0,0.0,0.0,0.0,0.0,0.0,0.0,0.0
B,PHE,620,CE1,0.0,0.0,0.0,0.0,0.0,0.0,0.0,0.0
B,PHE,620,CE2,0.0,0.0,0.0,0.0,0.0,0.0,0.0,0.0
B,PHE,620,CZ,0.0,0.0,0.0,0.0,0.0,0.0,0.0,0.0
B,ILE,647,N,0.0,0.0,0.0,0.0,0.0,0.0,0.0,0.0
B,ILE,647,CA,0.0,0.0,0.0,0.0,0.0,0.0,0.0,0.0
B,ILE,647,C,0.0,0.0,0.0,0.0,0.0,0.0,0.0,0.0
B,ILE,647,O,0.0,0.0,0.0,0.0,0.0,0.0,0.0,0.0
B,ILE,647,CB,0.0,0.0,0.0,0.0,0.0,0.0,0.0,0.0
B,ILE,647,CG1,0.0,0.0,0.0,0.0,0.0,0.0,0.0,0.0
B,ILE,647,CG2,0.0,0.0,0.0,0.0,0.0,0.0,0.0,0.0
B,ILE,647,CD1,0.0,0.0,0.0,0.0,0.0,0.0,0.0,0.0
B,PHE,412,N,0.0,0.0,0.0,0.0,0.0,0.0,0.0,0.0
B,PHE,412,CA,0.0,0.0,0.0,0.0,0.0,0.0,0.0,0.0
B,PHE,412,C,0.0,0.0,0.0,0.0,0.0,0.0,0.0,0.0
B,PHE,412,O,0.0,0.0,0.0,0.0,0.0,0.0,0.0,0.0
B,PHE,412,CB,0.0,0.0,0.0,0.0,0.0,0.0,0.0,0.0
B,PHE,412,CG,0.0,0.0,0.0,0.0,0.0,0.0,0.0,0.0
B,PHE,412,CD1,0.0,0.0,0.0,0.0,0.0,0.0,0.0,0.0
B,PHE,412,CD2,0.0,0.0,0.0,0.0,0.0,0.0,0.0,0.0
B,PHE,412,CE1,0.0,0.0,0.0,0.0,0.0,0.0,0.0,0.0
B,PHE,412,CE2,0.0,0.0,0.0,0.0,0.0,0.0,0.0,0.0
B,PHE,412,CZ,0.0,0.0,0.0,0.0,0.0,0.0,0.0,0.0
B,ASN,414,N,0.0,0.0,0.0,0.0,0.0,0.0,0.0,0.0
B,ASN,414,CA,0.0,0.0,0.0,0.0,0.0,0.0,0.0,0.0
B,ASN,414,C,0.0,0.0,0.0,0.0,0.0,0.0,0.0,0.0
B,ASN,414,O,0.0,0.0,0.0,0.0,0.0,0.0,0.0,0.0
B,ASN,414,CB,0.0,0.0,0.0,0.0,0.0,0.0,0.0,0.0
B,ASN,414,CG,0.0,0.0,0.0,0.0,0.0,0.0,0.0,0.0
B,ASN,414,OD1,0.0,0.0,0.0,0.0,0.0,0.0,0.0,0.0
B,ASN,414,ND2,0.0,0.0,0.0,0.0,0.0,0.0,0.0,0.0
B,HIS,415,N,0.0,0.0,0.0,0.0,0.0,0.0,0.0,0.0
B,HIS,415,CA,0.0,0.0,0.0,0.0,0.0,0.0,0.0,0.0
B,HIS,415,C,0.0,0.0,0.0,0.0,0.0,0.0,0.0,0.0
B,HIS,415,O,0.0,0.0,0.0,0.0,0.0,0.0,0.0,0.0
B,HIS,415,CB,0.0,0.0,0.0,0.0,0.0,0.0,0.0,0.0
B,HIS,415,CG,0.0,0.0,0.0,0.0,0.0,0.0,0.0,0.0
B,HIS,415,ND1,0.0,0.0,0.0,0.0,0.0,0.0,0.0,0.0
B,HIS,415,CD2,0.0,0.0,0.0,0.0,0.0,0.0,0.0,0.0
B,HIS,415,CE1,0.0,0.0,0.0,0.0,0.0,0.0,0.0,0.0
B,HIS,415,NE2,0.0,0.0,0.0,0.0,0.0,0.0,0.0,0.0
B,LYS,468,N,0.0,0.0,0.0,0.0,0.0,0.0,0.0,0.0
B,LYS,468,CA,0.0,0.0,0.0,0.0,0.0,0.0,0.0,0.0
B,LYS,468,C,0.0,0.0,0.0,0.0,0.0,0.0,0.0,0.0
B,LYS,468,O,0.0,0.0,0.0,0.0,0.0,0.0,0.0,0.0
B,LYS,468,CB,0.0,0.0,0.0,0.0,0.0,0.0,0.0,0.0
B,LYS,468,CG,0.0,0.0,0.0,0.0,0.0,0.0,0.0,0.0
B,LYS,468,CD,0.0,0.0,0.0,0.0,0.0,0.0,0.0,0.0
B,LYS,468,CE,0.0,0.0,0.0,0.0,0.0,0.0,0.0,0.0
B,LYS,468,NZ,0.0,1.0,0.0,0.0,0.0,0.0,0.0,0.0
B,TYR,335,N,0.0,0.0,0.0,0.0,0.0,0.0,0.0,0.0
B,TYR,335,CA,0.0,0.0,0.0,0.0,0.0,0.0,0.0,0.0
B,TYR,335,C,0.0,0.0,0.0,0.0,0.0,0.0,0.0,0.0
B,TYR,335,O,0.0,0.0,0.0,0.0,0.0,0.0,0.0,0.0
B,TYR,335,CB,0.0,0.0,0.0,0.0,0.0,0.0,0.0,0.0
B,TYR,335,CG,0.0,0.0,0.0,0.0,0.0,0.0,0.0,0.0
B,TYR,335,CD1,0.0,0.0,0.0,0.0,0.0,0.0,0.0,0.0
B,TYR,335,CD2,0.0,0.0,0.0,0.0,0.0,0.0,0.0,0.0
B,TYR,335,CE1,0.0,0.0,0.0,0.0,0.0,0.0,0.0,0.0
B,TYR,335,CE2,0.0,0.0,0.0,0.0,0.0,0.0,0.0,0.0
B,TYR,335,CZ,0.0,0.0,0.0,0.0,0.0,0.0,0.0,0.0
B,TYR,335,OH,0.0,0.0,0.0,0.0,0.0,0.0,0.0,0.0
B,LEU,363,N,0.0,0.0,0.0,0.0,0.0,0.0,0.0,0.0
B,LEU,363,CA,0.0,0.0,0.0,0.0,0.0,0.0,0.0,0.0
B,LEU,363,C,0.0,0.0,0.0,0.0,0.0,0.0,0.0,0.0
B,LEU,363,O,0.0,0.0,0.0,0.0,0.0,0.0,0.0,0.0
B,LEU,363,CB,0.0,0.0,0.0,0.0,0.0,0.0,0.0,0.0
B,LEU,363,CG,0.0,0.0,0.0,0.0,0.0,0.0,0.0,0.0
B,LEU,363,CD1,0.0,0.0,0.0,0.0,0.0,0.0,0.0,0.0
B,LEU,363,CD2,0.0,0.0,0.0,0.0,0.0,0.0,0.0,0.0
B,SER,331,N,0.0,0.0,0.0,0.0,0.0,0.0,0.0,0.0
B,SER,331,CA,0.0,0.0,0.0,0.0,0.0,0.0,0.0,0.0
B,SER,331,C,0.0,0.0,0.0,0.0,0.0,0.0,0.0,0.0
B,SER,331,O,0.0,0.0,0.0,0.0,0.0,0.0,0.0,0.0
B,SER,331,CB,0.0,0.0,0.0,0.0,0.0,0.0,0.0,0.0
B,SER,331,OG,0.0,0.0,0.0,0.0,0.0,0.0,0.0,0.0
B,PRO,599,N,0.0,0.0,0.0,0.0,0.0,0.0,0.0,0.0
B,PRO,599,CA,0.0,0.0,0.0,0.0,0.0,0.0,0.0,0.0
B,PRO,599,C,0.0,0.0,0.0,0.0,0.0,0.0,0.0,0.0
B,PRO,599,O,0.0,0.0,0.0,0.0,0.0,0.0,0.0,0.0
B,PRO,599,CB,0.0,0.0,0.0,0.0,0.0,0.0,0.0,0.0
B,PRO,599,CG,0.0,0.0,0.0,0.0,0.0,0.0,0.0,0.0
B,PRO,599,CD,0.0,0.0,0.0,0.0,0.0,0.0,0.0,0.0
B,SER,618,N,0.0,0.0,0.0,0.0,0.0,0.0,0.0,0.0
B,SER,618,CA,0.0,0.0,0.0,0.0,0.0,0.0,0.0,0.0
B,SER,618,C,0.0,0.0,0.0,0.0,0.0,0.0,0.0,0.0
B,SER,618,O,0.0,0.0,0.0,0.0,0.0,0.0,0.0,0.0
B,SER,618,CB,0.0,0.0,0.0,0.0,0.0,0.0,0.0,0.0
B,SER,618,OG,0.0,0.0,0.0,0.0,0.0,0.0,0.0,0.0
B,LYS,650,N,0.0,0.0,0.0,0.0,0.0,0.0,0.0,0.0
B,LYS,650,CA,0.0,0.0,0.0,0.0,0.0,0.0,0.0,0.0
B,LYS,650,C,0.0,0.0,0.0,0.0,0.0,0.0,0.0,0.0
B,LYS,650,O,0.0,0.0,0.0,0.0,0.0,0.0,0.0,0.0
B,LYS,650,CB,0.0,0.0,0.0,0.0,0.0,0.0,0.0,0.0
B,LYS,650,CG,0.0,0.0,0.0,0.0,0.0,0.0,0.0,0.0
B,LYS,650,CD,0.0,0.0,0.0,0.0,0.0,0.0,0.0,0.0
B,LYS,650,CE,0.0,0.0,0.0,0.0,0.0,0.0,0.0,0.0
B,LYS,650,NZ,0.0,0.0,0.0,0.0,0.0,0.0,0.0,0.0
B,THR,652,N,0.0,0.0,0.0,0.0,0.0,0.0,0.0,0.0
B,THR,652,CA,0.0,0.0,0.0,0.0,0.0,0.0,0.0,0.0
B,THR,652,C,0.0,0.0,0.0,0.0,0.0,0.0,0.0,0.0
B,THR,652,O,0.0,0.0,0.0,0.0,0.0,0.0,0.0,0.0
B,THR,652,CB,0.0,0.0,0.0,0.0,0.0,0.0,0.0,0.0
B,THR,652,OG1,0.0,0.0,0.0,0.0,0.0,0.0,0.0,0.0
B,THR,652,CG2,0.0,0.0,0.0,0.0,0.0,0.0,0.0,0.0
B,THR,334,N,0.0,0.0,0.0,0.0,0.0,0.0,0.0,0.0
B,THR,334,CA,0.0,0.0,0.0,0.0,0.0,0.0,0.0,0.0
B,THR,334,C,0.0,0.0,0.0,0.0,0.0,0.0,0.0,0.0
B,THR,334,O,0.0,0.0,0.0,0.0,0.0,0.0,0.0,0.0
B,THR,334,CB,0.0,0.0,0.0,0.0,0.0,0.0,0.0,0.0
B,THR,334,OG1,0.0,0.0,0.0,0.0,0.0,0.0,0.0,0.0
B,THR,334,CG2,0.0,0.0,0.0,0.0,0.0,0.0,0.0,0.0
B,LEU,336,N,0.0,0.0,0.0,0.0,0.0,0.0,0.0,0.0
B,LEU,336,CA,0.0,0.0,0.0,0.0,0.0,0.0,0.0,0.0
B,LEU,336,C,0.0,0.0,0.0,0.0,0.0,0.0,0.0,0.0
B,LEU,336,O,0.0,0.0,0.0,0.0,0.0,0.0,0.0,0.0
B,LEU,336,CB,0.0,0.0,0.0,0.0,0.0,0.0,0.0,0.0
B,LEU,336,CG,0.0,0.0,0.0,0.0,0.0,0.0,0.0,0.0
B,LEU,336,CD1,0.0,0.0,0.0,0.0,0.0,0.0,0.0,0.0
B,LEU,336,CD2,0.0,0.0,0.0,0.0,0.0,0.0,0.0,0.0
B,THR,378,N,0.0,0.0,0.0,0.0,0.0,0.0,0.0,0.0
B,THR,378,CA,0.0,0.0,0.0,0.0,0.0,0.0,0.0,0.0
B,THR,378,C,0.0,0.0,0.0,0.0,0.0,0.0,0.0,0.0
B,THR,378,O,0.0,0.0,0.0,0.0,0.0,0.0,0.0,0.0
B,THR,378,CB,0.0,0.0,0.0,0.0,0.0,0.0,0.0,0.0
B,THR,378,OG1,0.0,0.0,0.0,0.0,0.0,0.0,0.0,0.0
B,THR,378,CG2,0.0,0.0,0.0,0.0,0.0,0.0,0.0,0.0
B,ASN,675,N,0.0,0.0,0.0,0.0,0.0,0.0,0.0,0.0
B,ASN,675,CA,0.0,0.0,0.0,0.0,0.0,0.0,0.0,0.0
B,ASN,675,C,0.0,0.0,0.0,0.0,0.0,0.0,0.0,0.0
B,ASN,675,O,0.0,0.0,0.0,0.0,0.0,0.0,0.0,0.0
B,ASN,675,CB,0.0,0.0,0.0,0.0,0.0,0.0,0.0,0.0
B,ASN,675,CG,0.0,0.0,0.0,0.0,0.0,0.0,0.0,0.0
B,ASN,675,OD1,0.0,0.0,0.0,0.0,0.0,0.0,0.0,0.0
B,ASN,675,ND2,0.0,0.0,0.0,0.0,0.0,0.0,0.0,0.0
B,ARG,653,N,0.0,0.0,0.0,0.0,0.0,0.0,0.0,0.0
B,ARG,653,CA,0.0,0.0,0.0,0.0,0.0,0.0,0.0,0.0
B,ARG,653,C,0.0,0.0,0.0,0.0,0.0,0.0,0.0,0.0
B,ARG,653,O,0.0,0.0,0.0,0.0,0.0,0.0,0.0,0.0
B,ARG,653,CB,0.0,0.0,0.0,0.0,0.0,0.0,0.0,0.0
B,ARG,653,CG,0.0,0.0,0.0,0.0,0.0,0.0,0.0,0.0
B,ARG,653,CD,0.0,0.0,0.0,0.0,0.0,0.0,0.0,0.0
B,ARG,653,NE,0.0,0.0,0.0,0.0,0.0,0.0,0.0,0.0
B,ARG,653,CZ,0.0,0.0,0.0,0.0,0.0,0.0,0.0,0.0
B,ARG,653,NH1,0.0,0.0,0.0,0.0,0.0,0.0,0.0,0.0
B,ARG,653,NH2,0.0,0.0,0.0,0.0,0.0,0.0,0.0,0.0
B,VAL,654,N,0.0,0.0,0.0,0.0,0.0,0.0,0.0,0.0
B,VAL,654,CA,0.0,0.0,0.0,0.0,0.0,0.0,0.0,0.0
B,VAL,654,C,0.0,0.0,0.0,0.0,0.0,0.0,0.0,0.0
B,VAL,654,O,0.0,0.0,0.0,0.0,0.0,0.0,0.0,0.0
B,VAL,654,CB,0.0,0.0,0.0,0.0,0.0,0.0,0.0,0.0
B,VAL,654,CG1,0.0,0.0,0.0,0.0,0.0,0.0,0.0,0.0
B,VAL,654,CG2,0.0,0.0,0.0,0.0,0.0,0.0,0.0,0.0
B,LEU,341,N,0.0,0.0,0.0,0.0,0.0,0.0,0.0,0.0
B,LEU,341,CA,0.0,0.0,0.0,0.0,0.0,0.0,0.0,0.0
B,LEU,341,C,0.0,0.0,0.0,0.0,0.0,0.0,0.0,0.0
B,LEU,341,O,0.0,0.0,0.0,0.0,0.0,0.0,0.0,0.0
B,LEU,341,CB,0.0,0.0,0.0,0.0,0.0,0.0,0.0,0.0
B,LEU,341,CG,0.0,0.0,0.0,0.0,0.0,0.0,0.0,0.0
B,LEU,341,CD1,0.0,0.0,0.0,0.0,0.0,0.0,0.0,0.0
B,LEU,341,CD2,0.0,0.0,0.0,0.0,0.0,0.0,0.0,0.0
B,PHE,381,N,0.0,0.0,0.0,0.0,0.0,0.0,0.0,0.0
B,PHE,381,CA,0.0,0.0,0.0,0.0,0.0,0.0,0.0,0.0
B,PHE,381,C,0.0,0.0,0.0,0.0,0.0,0.0,0.0,0.0
B,PHE,381,O,0.0,0.0,0.0,0.0,0.0,0.0,0.0,0.0
B,PHE,381,CB,0.0,0.0,0.0,0.0,0.0,0.0,0.0,0.0
B,PHE,381,CG,0.0,0.0,0.0,0.0,0.0,0.0,0.0,0.0
B,PHE,381,CD1,0.0,0.0,0.0,0.0,0.0,0.0,0.0,0.0
B,PHE,381,CD2,0.0,0.0,0.0,0.0,0.0,0.0,0.0,0.0
B,PHE,381,CE1,0.0,0.0,0.0,0.0,0.0,0.0,0.0,0.0
B,PHE,381,CE2,0.0,0.0,0.0,0.0,0.0,0.0,0.0,0.0
B,PHE,381,CZ,0.0,0.0,0.0,0.0,0.0,0.0,0.0,0.0
B,THR,382,N,0.0,0.0,0.0,0.0,0.0,0.0,0.0,0.0
B,THR,382,CA,0.0,0.0,0.0,0.0,0.0,0.0,0.0,0.0
B,THR,382,C,0.0,0.0,0.0,0.0,0.0,0.0,0.0,0.0
B,THR,382,O,0.0,0.0,0.0,0.0,0.0,0.0,0.0,0.0
B,THR,382,CB,0.0,0.0,0.0,0.0,0.0,0.0,0.0,0.0
B,THR,382,OG1,0.0,0.0,0.0,0.0,0.0,0.0,0.0,0.0
B,THR,382,CG2,0.0,0.0,0.0,0.0,0.0,0.0,0.0,0.0
B,ASN,467,N,0.0,0.0,0.0,0.0,0.0,0.0,0.0,0.0
B,ASN,467,CA,0.0,0.0,0.0,0.0,0.0,0.0,0.0,0.0
B,ASN,467,C,0.0,0.0,0.0,0.0,0.0,0.0,0.0,0.0
B,ASN,467,O,0.0,0.0,0.0,0.0,0.0,0.0,0.0,0.0
B,ASN,467,CB,0.0,0.0,0.0,0.0,0.0,0.0,0.0,0.0
B,ASN,467,CG,0.0,0.0,0.0,0.0,0.0,0.0,0.0,0.0
B,ASN,467,OD1,0.0,0.0,0.0,0.0,0.0,0.0,0.0,0.0
B,ASN,467,ND2,0.0,0.0,0.0,0.0,0.0,0.0,0.0,0.0
B,MET,617,N,0.0,0.0,0.0,0.0,0.0,0.0,0.0,0.0
B,MET,617,CA,0.0,0.0,0.0,0.0,0.0,0.0,0.0,0.0
B,MET,617,C,0.0,0.0,0.0,0.0,0.0,0.0,0.0,0.0
B,MET,617,O,0.0,0.0,0.0,0.0,0.0,0.0,0.0,0.0
B,MET,617,CB,0.0,0.0,0.0,0.0,0.0,0.0,0.0,0.0
B,MET,617,CG,0.0,0.0,0.0,0.0,0.0,0.0,0.0,0.0
B,MET,617,SD,0.0,0.0,0.0,0.0,0.0,0.0,0.0,0.0
B,MET,617,CE,0.0,0.0,0.0,0.0,0.0,0.0,0.0,0.0
B,VAL,600,N,0.0,0.0,0.0,0.0,0.0,0.0,0.0,0.0
B,VAL,600,CA,0.0,0.0,0.0,0.0,0.0,0.0,0.0,0.0
B,VAL,600,C,0.0,0.0,0.0,0.0,0.0,0.0,0.0,0.0
B,VAL,600,O,0.0,0.0,0.0,0.0,0.0,0.0,0.0,0.0
B,VAL,600,CB,0.0,0.0,0.0,0.0,0.0,0.0,0.0,0.0
B,VAL,600,CG1,0.0,0.0,0.0,0.0,0.0,0.0,0.0,0.0
B,VAL,600,CG2,0.0,0.0,0.0,0.0,0.0,0.0,0.0,0.0
B,LYS,601,N,0.0,0.0,0.0,0.0,0.0,0.0,0.0,0.0
B,LYS,601,CA,0.0,0.0,0.0,0.0,0.0,0.0,0.0,0.0
B,LYS,601,C,0.0,0.0,0.0,0.0,0.0,0.0,0.0,0.0
B,LYS,601,O,0.0,0.0,0.0,0.0,0.0,0.0,0.0,0.0
B,LYS,601,CB,0.0,0.0,0.0,0.0,0.0,0.0,0.0,0.0
B,LYS,601,CG,0.0,0.0,0.0,0.0,0.0,0.0,0.0,0.0
B,LYS,601,CD,0.0,0.0,0.0,0.0,0.0,0.0,0.0,0.0
B,LYS,601,CE,0.0,0.0,0.0,0.0,0.0,0.0,0.0,0.0
B,LYS,601,NZ,0.0,0.0,0.0,0.0,0.0,0.0,0.0,0.0
B,LEU,671,N,0.0,0.0,0.0,0.0,0.0,0.0,0.0,0.0
B,LEU,671,CA,0.0,0.0,0.0,0.0,0.0,0.0,0.0,0.0
B,LEU,671,C,0.0,0.0,0.0,0.0,0.0,0.0,0.0,0.0
B,LEU,671,O,0.0,0.0,0.0,0.0,0.0,0.0,0.0,0.0
B,LEU,671,CB,0.0,0.0,0.0,0.0,0.0,0.0,0.0,0.0
B,LEU,671,CG,0.0,0.0,0.0,0.0,0.0,0.0,0.0,0.0
B,LEU,671,CD1,0.0,0.0,0.0,0.0,0.0,0.0,0.0,0.0
B,LEU,671,CD2,0.0,0.0,0.0,0.0,0.0,0.0,0.0,0.0
B,VAL,365,N,0.0,0.0,0.0,0.0,0.0,0.0,0.0,0.0
B,VAL,365,CA,0.0,0.0,0.0,0.0,0.0,0.0,0.0,0.0
B,VAL,365,C,0.0,0.0,0.0,0.0,0.0,0.0,0.0,0.0
B,VAL,365,O,0.0,0.0,0.0,0.0,0.0,0.0,0.0,0.0
B,VAL,365,CB,0.0,0.0,0.0,0.0,0.0,0.0,0.0,0.0
B,VAL,365,CG1,0.0,0.0,0.0,0.0,0.0,0.0,0.0,0.0
B,VAL,365,CG2,0.0,0.0,0.0,0.0,0.0,0.0,0.0,0.0
